"","wavelength","white.norm","royalblue.norm","blue.norm","cyan.norm","green.norm","amber.norm","red.norm"
"1",300,0.0126579428732236,0.00279231278676396,0.00550064318933955,0.00611310196807389,0.0142551872983311,0.0201544057605226,0.00489106420583937
"2",301,0.010147741663149,0.00485074849495534,0.00562268424351039,0,0.00376092484560976,0.0135587558458912,0.00529202497082583
"3",302,0.0104010130856902,0.00309242674653795,0.00280364583905973,0.00187800624724527,0.00506442720687224,0.0182614505233464,0.0110352016133601
"4",303,0.00960180104122696,0.00241642452700727,0.00733345793981507,0.0125328172010042,0.00673120071799474,0.0188553188330488,0
"5",304,0.0121902349795976,0.003468911654326,0.00272668301210515,0.00979246114635035,0.0110605380686796,0.0158228787766313,0.00632428084248213
"6",305,0.00661319825524131,0.00398680214554632,0.00553252778907788,0.0161738497211736,0,0.00185583846781976,0.00194872143480281
"7",306,0.01085127339243,0.00483881553432814,0.00478268996074896,0.00473334227622023,0.0059619206359382,0.00738623710192265,0.00177877479804675
"8",307,0.00875193471225552,0.00293550831429032,0.00688597407452201,0.0137209436023226,0.00519264055388166,0.012881374805137,0.00206201919264018
"9",308,0.0100323624595469,0.000519083787283044,0.00674304311017779,0.0166720962765652,0.0179926063636558,0.0128041719248757,0.00277579506701562
"10",309,0,0.0020107038656826,0.00627247039679835,0.0097541344882433,0.00854755646729491,0,0.00669589748818871
"11",310,0.0110201210074574,0.00483284905401455,0.005969016964806,0.00902209531839871,0.0220740645767891,0.023383564694529,0.00283244394593431
"12",311,0.0114591248065288,0.00171834633031628,0.00848790034413379,0.0104056876760631,0.0121845417441289,0.00908247346150991,0.00507007466322242
"13",312,0.0110876600534684,0.00248205581045685,0.00846591096500391,0.0102907077017419,0.0126510246383315,0.00742335387127904,0.0021299978473426
"14",313,0.0101421134093148,0.00535193284129759,0.0014512990225721,0.012379510568576,0.0172660640639357,0.00930146240071264,0.00708110986483577
"15",314,0.0120332066976221,0.00244625692857526,0,0.0118429373550773,0.0148107784687053,0.0195976542201767,0.000509839910268176
"16",315,0.0098184888138455,0.00280424574739116,0.00448583334249558,0.00408178908840044,0.00912451652883732,0.0141971642788212,0.00587788767660288
"17",316,0.0136485155480512,0.00470755296742898,0.00926852330324453,0.00586206235747274,0.0155138149881403,0.0170737139039418,0.000135957309404847
"18",317,0.01318981286056,0.00304827479221732,0.00529724143238816,0.000843186478355021,0.000384640041028272,0.0239403162348749,0.00524927772679379
"19",318,0.00765442521457718,0.00270878206237359,0.00434290237815135,0.00490581223770193,0.0140778255016347,0.0100252394031623,0.00521147026500346
"20",319,0.0143830026734206,0.000429586582579071,0.00305652369905336,0.00509744552823717,0.0115199692287967,0.0167396629797342,0.0118509454697892
"21",320,0.00492472210496693,0.00504764234530408,0.00576011786307214,0.00983078780445739,0.0158984550291685,0.0126111647242224,0.00390877264538935
"22",321,0.0112874630645842,0.00377797533457038,0.00517080250239135,0.00465668896000613,0.0189969442485629,0.0151028134511172,0.00992488358655382
"23",322,0.0136006753904601,0.00326127813941278,0.00483766340857366,0.0147174367131058,0.0107015406970532,0.0110496622373989,0.00389744286960561
"24",323,0.00978471929084002,0,0.0035622794190406,0.00748941226069793,0.0202363399363207,0.012333160121743,0.00588015363175963
"25",324,0.0101533699169833,0.00387880885187019,0.00498059437291788,0.00735869919322385,0.0188900997927218,0.0136589711231534,0.0111371695954137
"26",325,0.0104910651470381,0.00329469042916893,0.00282563521818961,0.00743134737366575,0.0140970575036861,0.00682948556157672,0.000736435425942921
"27",326,0.00613479667933024,0.0046419216839794,0.005784306180115,0.0026445394093862,0.00833386755561254,0.0184841511394848,0.00569661126406308
"28",327,0.00863936963557056,0.0046419216839794,0.00741042076676965,0.00882088036333672,0.00820565420860312,0.0140115804320392,0.0027984546185831
"29",328,0.00416490783734346,0.00320280663233952,0.0066660802832232,0.00627982293083955,0.012711925978161,0.0170365971345854,0.00457609643905147
"30",329,0.0104601097509498,0.00506554178624488,0.00579530086967995,0.0102523810436349,0.0182490330576746,0.017370648058793,0.00181276412539796
"31",330,0.00751371886872098,0.00651539650244924,0.0047387112024892,0.00740260238008547,0.0159198239203368,0.0166654294410215,0.00194872143480281
"32",331,0.0180385535387646,0.00462402224303861,0.00663419568348488,0.00740336891324761,0.0140692779451674,0.0198574716056714,0.000702446098591709
"33",332,0.00976783452933727,0.00330185020554525,0.00491462623552824,0.0106356476247054,0.0123426715387739,0.0119181946403385,0.00501229280672535
"34",333,0.0142254115660616,0.00538773172317918,0.0104119710179983,0.00919456527988042,0.0153856016411308,0.0102924801425284,0.0044797933448897
"35",334,0.0110820317996342,0.00368788148183505,0.00593603289611118,0.0104631776632237,0.0126501698826848,0.0146499888649692,0.00455910177537587
"36",335,0.00844238075137189,0.00272668150331438,0.00745439952502941,0.0057834927083533,0.010534863345941,0.0139113651547769,0.00711509919218699
"37",336,0.00514985225833685,0.0023388602829305,0.00492562092509318,0.0134143303374662,0.0154497083146356,0.00994358251057828,0.00364818780236339
"38",337,0.0139468130012664,0.00458822336115702,0.00754235704154893,0.00998409443688558,0.0156847661174862,0.0116361071932299,0.000849733183780293
"39",338,0.00737301252286478,0.00454645799896183,0.00576341626994162,0.008512350765575,0.00878261427014552,0.0137369163388019,0.00419768192787465
"40",339,0.0147572815533981,0.00462998872335221,0.00648576737435819,0.00750244332445433,0.0104066499989316,0.0184841511394848,0.00440161789198192
"41",340,0.0131982552413114,0.00309242674653795,0.00488164216683342,0.00797194488626564,0.0070517340855183,0.0151918936975726,0.00451151671708417
"42",341,0.0120222316026453,0.00160498320435792,0.00694974327399866,0.0112105474963111,0.0172660640639357,0.00664390171479474,0.00456476666326773
"43",342,0.0148895455185029,0.00366282226451794,0.00703000450782272,0.00931337792001227,0.00970147659037972,0.0195976542201767,0.00550400507573955
"44",343,0.0138455044322499,0.00436149710924029,0.00660121161479006,0.0103481976889025,0.0133448725345642,0.0125640264271398,0.00549154232237744
"45",344,0.00484029829745322,0.00403035745183559,0.00407902982859279,0.00658451986279057,0.0166463662200568,0.00868532402939648,0.00752297112040153
"46",345,0.0143098353735753,0.00423620102265473,0.00731146856068519,0.00948584788149398,0.0157275038998226,0.00999183431074159,0.00547681361385858
"47",346,0.0100689461094695,0.00568605573885909,0.00637911888557827,0.00852384876300711,0.0134495801012885,0.0123958874619553,0.00249255067242219
"48",347,0.0152807091599831,0.00305424127253092,0.00619880597671325,0.00525075216066535,0.00826976088210783,0.0159342290847005,0.00385212376647066
"49",348,0.0132489095258196,0.00394444013531977,0.00648466790540169,0.00791828756491578,0.0132764920828258,0.0112760745304729,0.00219797650204502
"50",349,0.0123275643731532,0.00439132951080828,0.00401306169120315,0.00821148649943468,0.0108019744855439,0.0122262638259966,0.00630615320122815
"51",350,0.0101758829323202,0.00343370942047577,0.00693325123965125,0.00444589234041738,0.0107335940338056,0.0174819983668622,0.00774956663607627
"52",351,0.0128690023920079,0.00359577095875372,0.00394709355381351,0.00827855815112201,0.013795756138214,0.00742335387127904,0.00494884606233643
"53",352,0.00818910932883073,0.00411687141638276,0.0044638439633657,0.0107506275990265,0.0112549949783106,0.0128984485190409,0.00680919524602608
"54",353,0.0109019276769382,0.0037761853904763,0.00649236418809715,0.0094283578943334,0.00406008932196508,0.0114950634696756,0.00358020914766097
"55",354,0.0101899535669059,0.00365071030948133,0.00691785867426033,0.00538489546404001,0.00972284548154796,0.0117029173780714,0.00282111417015057
"56",355,0.0109356971999437,0.00260138541672882,0.00638571569931723,0.0130693904145028,0.0174583840844499,0.0127007274886794,0.00896185264493616
"57",356,0.0135837906289574,0.00513713955000806,0.00576451573889811,0.00720905275664489,0.00850481868495844,0.0129080988790736,0.00413763411622084
"58",357,0.0134261995215984,0.00209423459007297,0.00628786296218926,0.00602111798861698,0.0182490330576746,0.0210080914557197,0.00462821340765666
"59",358,0.0137441958632334,0.00315388149376801,0.00529504249447517,0.0100032577659391,0.0161762506143556,0.0138000148467077,0.00554705822371775
"60",359,0.0121570282819755,0.00401484460302023,0.00437588644684617,0.00960082785581511,0.00980832104622091,0.0103741370351125,0.00606822790976967
"61",360,0.0136850991979738,0.00364504215318342,0.00694424592921619,0.00618208995266658,0.0119964955018484,0.0129400193007201,0.00721706717424062
"62",361,0.0172224567327986,0.00500587698310889,0.00294657680340396,0.00723453998428607,0.0136119836741671,0.0152030287283795,0.00380680466333571
"63",362,0.0150837202757844,0.0026550837395512,0.00921354985541983,0.00919073261406972,0.0152787571852897,0.0129014178605894,0.00358020914766097
"64",363,0.0134374560292669,0.00544143004600156,0.00619770650775675,0.00904700764616829,0.0111203709639507,0.011120184099176,0.00600138223264562
"65",364,0.0107274518080765,0.00411746806441412,0.00620650225940871,0.00734248701684457,0.0109195033869693,0.0139596169549402,0.00431891052876064
"66",365,0.0162375123118053,0.00321473959296671,0.00492562092509318,0.0105589943084913,0.0114601363335257,0.0117400341474278,0.00471771863634819
"67",366,0.0156465456592092,0.00399933175420488,0.0067408441722648,0.00693329245156469,0.0123725879864094,0.0157003934377552,0.00506440977533055
"68",367,0.0109610243421978,0.00340089377875098,0.00632304596879707,0.00739857808098423,0.0136226681197513,0.0165911959023087,0.0058597600353489
"69",368,0.00982130294076263,0.003994558569954,0.00756434642067881,0.0132418603759845,0.0130222022779238,0.0144421349565734,0.00695648233121467
"70",369,0.0140931476009568,0.00477318425087857,0.00669136806922257,0.00737519881953893,0.0136547214565036,0.0115136218543538,0.00201670008950523
"71",370,0.0103250316589278,0.00551899429007834,0.00498059437291788,0.00797577755207635,0.0133747889821997,0.0206369237621557,0.00342159228668865
"72",371,0.0154495567750106,0.00678985459687476,0.00731146856068519,0.00593679934078148,0.0144923819902985,0.0121112018409918,0.00184675345274917
"73",372,0.0168284789644013,0.00368489824167825,0.00850988972326366,0.00513577218634421,0.0118426394854371,0.0117474575012991,0.00486953763185026
"74",373,0.00977627691008864,0.00645573169931326,0.0084109375171792,0.00733564570837246,0.0150864371647755,0.0182985672927028,0.00683185479759356
"75",374,0.0122034613761081,0.00702851380941869,0.00720152166503579,0.00459919897284556,0.0210269889095455,0.0172592977507238,0.00544509024166412
"76",375,0.0138286196707471,0.00538773172317918,0.0049036315459633,0.00838587279382174,0.0177789174519734,0.0126286096058199,0.00665057838505376
"77",376,0.0146981848881385,0.00467772056586099,0.00688377513660902,0.00843953011517161,0.0112549949783106,0.0170737139039418,0.0053941062506373
"78",377,0.00810468552131701,0.00635430153398209,0.00741042076676965,0.00505911887013012,0.00859029424963139,0.0133434785836241,0.00382946421490319
"79",378,0.0135021809483608,0.00523260323502563,0.00698162787373699,0.00952417453960102,0.00720131632369596,0.0170737139039418,0.00963030941617665
"80",379,0.0133051920641621,0.00544739652631516,0.00472771651292426,0.00774198493762336,0.0131461418466996,0.0181872169846337,0.00150686017923705
"81",380,0.011214295764739,0.00455242447927543,0.00493661561465812,0.00739781154782209,0.0130777613949612,0.0147167990498107,0.00464407509375389
"82",381,0.00944983818770227,0.00550109484913755,0.00517739931613031,0.00477166893432727,0.0120926555121055,0.015908247346151,0.00215265739891008
"83",382,0.0123725904038272,0.00522067027439843,0.00853187910239355,0.00586589502328345,0.0126270914802231,0.0182243337539901,0.00654861040300012
"84",383,0.0149036161530885,0.0049939440224817,0.00521148285378162,0.00889178468083476,0.0104066499989316,0.0107675747902903,0.00655994017878386
"85",384,0.0109047418038554,0.00404109711640007,0.00702230822512726,0.00909874863461281,0.00730816077953715,0.0177418157523569,0.00493978224170944
"86",385,0.0174757281553398,0.00368072170545873,0.00538409947995118,0.00644462756069985,0.0124238733252132,0.014445846633509,0.00478116538073711
"87",386,0.0127564373153229,0.006652625549662,0.00545666443107979,0.00672824483069199,0.0178643930166464,0.00968005344814787,0.00335361363198622
"88",387,0.0159279583509216,0.00491041329809132,0.00558970017481557,0.0104440143341701,0.0161121439408509,0.0121483186103482,0.00791951327283233
"89",388,0.0149261291684255,0.00536386580192479,0.00794916055545172,0.00629132092827166,0.0151505438382802,0.00974315195605375,0.00459422408030545
"90",389,0.0248205994090333,0.00537579876255198,0.00642529658175102,0.00467585228905966,0.0126191849904908,0.0156855467300126,0.00502815449282259
"91",390,0.011577318137048,0.00685548588032434,0.00799313931371148,0.00757909664066842,0.0144368228732611,0.0100252394031623,0.00515017617801344
"92",391,0.0151681440832982,0.00619320656551494,0.00695634008773762,0.00475250560527375,0.0153428638587944,0.0157078167916265,0.00354621982030976
"93",392,0.0145152666385254,0.00655716186464443,0.00589095466889493,0.00668800183967959,0.0152573882941214,0.0150285799124044,0.00494884606233643
"94",393,0.0127930209652455,0.0059963127151662,0.00508284498587182,0.00617634095395052,0.0127074385110157,0.0133360552297528,0.00243590179350351
"95",394,0.0171098916561137,0.00776239088799127,0.00596022121315405,0.00946668455244045,0.0102143299784174,0.0112834978843441,0.00555725502192312
"96",395,0.0156465456592092,0.0059963127151662,0.00662869833870241,0.0064063009025928,0.0113554287668013,0.00930517407764828,0.00394276197274056
"97",396,0.0149401998030111,0.00639010041586368,0.00843292689630908,0.00775539926796083,0.0139218325961066,0.0113131912998293,0.00574306334477641
"98",397,0.0163782186576615,0.0076609607226601,0.00528734621177971,0.00844336278098231,0.0151078060559438,0.014260262786727,0.00526868563271133
"99",398,0.0189672154214155,0.00652136298276284,0.00539399470055963,0.0106356476247054,0.0148877064769109,0.0120035632098582,0.00541676580220477
"100",399,0.0171098916561137,0.0056383238963503,0.00597924202610139,0.00661901385508691,0.0132935871957604,0.0163907653477841,0.00331962430463501
"101",400,0.0148051217109892,0.00750583223450654,0.00665838400052775,0.00736370082210682,0.0134880441053914,0.0132247049216836,0.00316100744366269
"102",401,0.0161812297734628,0.00701061436847789,0.00848790034413379,0.00877488837360826,0.0158770861380003,0.014497810110608,0.00611014808016949
"103",402,0.0185732376530182,0.00787575401394963,0.00768528800589316,0.00714600540405879,0.0147274397931491,0.0171108306732982,0.00444353806238175
"104",403,0.0194737582664978,0.00725524006133542,0.00777324552241268,0.0102332177145814,0.0131204991772977,0.00923094053893549,0.0050836703941629
"105",404,0.0202335725341213,0.00718364229757224,0.00704209866634416,0.00792978556234789,0.0142744193003825,0.0174077648281494,0.00805547058223718
"106",405,0.0193893344589841,0.008627530533463,0.00522907435708553,0.00553053676484679,0.0119601683868624,0.00816568925840695,0.00486840465427189
"107",406,0.0225692978753342,0.00911678191917806,0.00713005618286368,0.00887837035049729,0.0131397311793491,0.0140895256476876,0.00569774424164146
"108",407,0.0220627550302519,0.00974326235210587,0.00904862951194573,0.00852384876300711,0.0117293843622454,0.00956499146314305,0.0042599956946852
"109",408,0.0266779231743352,0.0108768936116895,0.00798214462414654,0.00599045666213135,0.0111331922986516,0.0139781753396184,0.00403340017901046
"110",409,0.0269593358660476,0.0113542120367774,0.00707398326608248,0.00906042197650576,0.0130756245058444,0.0106005493281865,0.00452058053771116
"111",410,0.0308146897425074,0.0119508600681372,0.00601706375820479,0.00992660444972501,0.0131375942902323,0.0152995323287061,0.00743233291413163
"112",411,0.0329534261995216,0.012607172902633,0.00860884192934813,0.00646953988846943,0.00978695215505267,0.0118031326553337,0.00160882816129069
"113",412,0.0373716054594062,0.0149341002249363,0.00623179004540807,0.00680681447981143,0.0127927003867769,0.0159787692079281,0.00513929959326105
"114",413,0.0409455466441537,0.0172610275472396,0.00697503105999802,0.0097541344882433,0.0151932816206167,0.0146017370648059,0.00536691478875633
"115",414,0.0474180385535388,0.019170301247591,0.00717843281694942,0.00744035413832091,0.0155138149881403,0.0129611758592532,0.00604783431335894
"116",415,0.0536091177712115,0.022690524632614,0.00763031455806845,0.00750819232317038,0.0166249973288886,0.0127249647390691,0.0046610697574295
"117",416,0.0598001969888842,0.0262704128207729,0.00630875287236265,0.00876913937489221,0.0125008013334188,0.0129014178605894,0.00549834018784768
"118",417,0.0688054031236809,0.0295519769932519,0.0095323958528031,0.00862158174118008,0.0144859713229481,0.0110311038527207,0.00420561277092326
"119",418,0.0786548473336147,0.0350411388817623,0.00714764768616758,0.00817507617423299,0.0154497083146356,0.00900823992279712,0.00428492120140942
"120",419,0.0890671169269734,0.0419025912424002,0.00700581619077986,0.00710192974723569,0.0113597025450349,0.0126531066735951,0.00496697370359041
"121",420,0.10623329112143,0.0477497419497264,0.00724550042329555,0.0072504455474005,0.0143876744235742,0.0132135698908767,0.00501682471703885
"122",421,0.118615449556775,0.0588473953330191,0.00749837828328917,0.00878255370522967,0.0134153898754194,0.0148949595427214,0.00494204819686618
"123",422,0.13803292528493,0.0680357750159603,0.00670566116565699,0.00937086790717283,0.0139261063743402,0.0107007646054487,0.0080328110306697
"124",423,0.156043337554524,0.0805653836745166,0.00946642771541346,0.00996493110783205,0.0122977968673206,0.0144718283720585,0.00405605973057793
"125",424,0.176586464049529,0.0930949923330728,0.0084109375171792,0.00862158174118008,0.0116845096907921,0.0169252468265162,0.00447526143457621
"126",425,0.203039257070494,0.109801137211148,0.00761931986850351,0.0100990744112067,0.0145222984379341,0.0131727414445847,0.00601384498600773
"127",426,0.22836639932461,0.128893874214662,0.0100821303310501,0.0104823409922772,0.0134624014359895,0.0162979734243931,0.00308169901317653
"128",427,0.258196144646124,0.148583259249536,0.0100271568832254,0.00994576777877853,0.0135585614462466,0.0126256402642714,0.00557424968559872
"129",428,0.289714366117912,0.16767599625305,0.0100271568832254,0.00958166452676159,0.0130969933970126,0.0125172592977507,0.00605349920125081
"130",429,0.321795412973125,0.192138565538803,0.0107638010840764,0.00927505126190522,0.0136910485714896,0.014271397817534,0.00397675130009177
"131",430,0.355564935978613,0.216004486793196,0.0123910151396875,0.00961999118486864,0.0113148278735816,0.0146908173112612,0.00662791883348629
"132",431,0.3893344589841,0.23629051985943,0.0120391850736094,0.0085525937565874,0.0141483428424899,0.0152364338208002,0.00499643112062812
"133",432,0.423103981989588,0.259559793082463,0.012676877068376,0.00719353046011153,0.0137679765796953,0.0125992873580284,0.00587562172144613
"134",433,0.462501758829323,0.284619010399575,0.0142381229865975,0.00948584788149398,0.0134153898754194,0.0117697275629129,0.00345558161403986
"135",434,0.493457154917687,0.312661467873487,0.0154365441491759,0.00830921947760765,0.0130243391670406,0.0101477247420385,0.00456023475295424
"136",435,0.52441255100605,0.341897221410118,0.0170197794465273,0.00776689726539294,0.0136290787871017,0.0109271768985228,0.00423167125522586
"137",436,0.563810327845786,0.376502807228988,0.0205930535551329,0.00927505126190522,0.0134431694339381,0.0109160418677158,0.00580764306674371
"138",437,0.600393977768397,0.419461465486895,0.0208129473464317,0.0124561638847901,0.0127057289997222,0.00564174894217207,0.00513873310447186
"139",438,0.645420008442381,0.466596659964321,0.0243312480072125,0.00946668455244045,0.0122144581917644,0.0149840397891767,0.00545981895018298
"140",439,0.68763191219924,0.522681574912144,0.0275197079810452,0.0108847709024012,0.0125414022266385,0.015362630836612,0.00486840465427189
"141",440,0.738286196707471,0.582346378048126,0.0298285927896826,0.00944752122338693,0.011601171015236,0.0103370202657561,0.00495564392780667
"142",441,0.797382861967075,0.653944141811304,0.0342264686156586,0.0107889542571336,0.0146996602346304,0.0132395516294262,0.00504288320134144
"143",442,0.85085127339243,0.725541905574483,0.0407133354589733,0.0106739742828124,0.0134495801012885,0.0128256996511024,0.00531366484257277
"144",443,0.904319684817785,0.797139669337661,0.0447813705980012,0.0111147308510434,0.0114473149988247,0.0154479994061317,0.00434043710274974
"145",444,0.949345715491769,0.86873743310084,0.0522577595021605,0.00954333786865454,0.0119174306045259,0.0136626828000891,0.00565242513850651
"146",445,0.977486984663008,0.928402236236821,0.060063989093268,0.0110572408638829,0.0137722503579289,0.0143567663870537,0.00706978008905204
"147",446,1,0.976134078745607,0.0687497938495707,0.011574650748328,0.0146782913434622,0.0127718803355356,0.00633561061826586
"148",447,0.994371746165752,1,0.0749068200059371,0.0102332177145814,0.0141996281812937,0.0139336352163908,0.0050836703941629
"149",448,0.97185873082876,1,0.0877706067969171,0.00984995113351092,0.0132444387460735,0.0119924281790513,0.00609768532680738
"150",449,0.921204446320529,0.970167598432009,0.0987652963618572,0.0113255274706322,0.0139303801525739,0.0114505233464479,0.00565015918334976
"151",450,0.845223019558182,0.922435755923223,0.112508658318032,0.0104440143341701,0.0132572600807744,0.0112723628535372,0.0056830155331226
"152",451,0.772055719712959,0.850837992160045,0.124822710630765,0.0130885537435563,0.016026668376178,0.0146908173112612,0.00531411803360411
"153",452,0.698888419867736,0.76730726776967,0.139115807065188,0.0125328172010042,0.0127824433190162,0.0156150248682355,0.00486047381122328
"154",453,0.617278739271141,0.683776543379295,0.155607841412598,0.0158097464691566,0.0128119323888283,0.0133509019374954,0.00589488234027849
"155",454,0.541297312508794,0.60024581898892,0.173199344716502,0.0132801870340916,0.0128172746116204,0.011027392175785,0.00513329481209567
"156",455,0.482200647249191,0.526261463100303,0.190790848020406,0.0138550869056973,0.0133876103169007,0.0150953900972459,0.00544735619682086
"157",456,0.428732235823836,0.465403363901601,0.21387969610678,0.0160205430887454,0.014122700173088,0.0142862445252765,0.0051649048865323
"158",457,0.383706205149852,0.412301689110577,0.236968544193155,0.0167679129218328,0.0143684424215227,0.0145831786801277,0.00577591969454924
"159",458,0.349936682144365,0.36814973478995,0.261156861236023,0.0166337696184581,0.0124003675449281,0.0112983445920867,0.00500209600851999
"160",459,0.324609539890249,0.331754204877001,0.288643585148373,0.019010022421095,0.0158984550291685,0.0146945289881969,0.00409004905792914
"161",460,0.302096524553257,0.303711747403089,0.319428715930206,0.0185117758657034,0.0147317135713828,0.0154405760522604,0.00543262748830201
"162",461,0.277895033065991,0.276862585991898,0.350213846712038,0.0233600981162448,0.0128980490202363,0.0126830599064657,0.00544282428650737
"163",462,0.26129168425496,0.255383256862944,0.385396853319847,0.0229576682061208,0.0133854734277838,0.0119478880558236,0.00491372375740684
"164",463,0.241592795835092,0.230920687577191,0.420579859927655,0.0255638809573999,0.0132337543004893,0.0139744636626828,0.00533927013584401
"165",464,0.223300970873786,0.208248062385518,0.456862335491958,0.0320602495065443,0.0135692458918307,0.0135364857842773,0.0049975640982065
"166",465,0.208948923596454,0.190348621444724,0.501940562708212,0.0341682157024318,0.0151505438382802,0.0157152401454977,0.0043721604749442
"167",466,0.186998733642887,0.17006258837849,0.540421976185502,0.0385757813847422,0.0168600551317392,0.0109494469601366,0.00576572289634388
"168",467,0.173772337132405,0.150969851374975,0.590997548184227,0.0412586474522354,0.0164540461995427,0.0131987231831341,0.00467353251079161
"169",468,0.157168988321373,0.132473762402821,0.641573120182952,0.0473909127493628,0.016753210675898,0.0156335832529137,0.00472111756908331
"170",469,0.143098353735753,0.116960913587466,0.69324816113817,0.0539064446275607,0.0179926063636558,0.0129463291515107,0.00637413185593057
"171",470,0.130153369916983,0.10264136083483,0.741624795223907,0.0577391104382653,0.0167104728935616,0.00926805730829189,0.00498283538968764
"172",471,0.118896862248487,0.0883218080821942,0.79989664991809,0.0667458750934212,0.0157488727909909,0.0149654814044986,0.00572946761383592
"173",472,0.113831433797664,0.0799687356431567,0.846074346090838,0.0721116072284077,0.0146505117849435,0.0135179273995991,0.00468599526415372
"174",473,0.105670465738005,0.0710190151727595,0.891152573307093,0.0820765383362398,0.017201957390431,0.0133100734912033,0.00505194702196844
"175",474,0.0994793865203321,0.0632625907650818,0.928534517827889,0.0931912691872832,0.0171592196080945,0.0125217133100735,0.00521894791702072
"176",475,0.0958210215280709,0.0576540992702995,0.96151858652271,0.105264166491003,0.0190610509220677,0.0147056640190038,0.00503155342555771
"177",476,0.0927254819192346,0.0504346580908456,0.982408496696096,0.120403196443286,0.0203218155009937,0.0137554747234801,0.00630615320122815
"178",477,0.0893485296186858,0.0471530939183666,1,0.135542226395569,0.0197021176571148,0.0133100734912033,0.00483668128207743
"179",478,0.0868158153932742,0.0434538761239357,0.992303717304542,0.149339823314106,0.0216894245357608,0.0131096429366788,0.00521316973137102
"180",479,0.0854087519347122,0.0401723119514567,0.987905841478566,0.170036218691911,0.023954526999594,0.0098136738178309,0.00514043257083942
"181",480,0.0837202757844379,0.036055440535074,0.96151858652271,0.191882413812928,0.02521529157852,0.0152067404053151,0.00461688363187293
"182",481,0.0842831011678627,0.0330722003782749,0.925236110958407,0.218136174616254,0.0255571938372118,0.0141192190631727,0.00683185479759356
"183",482,0.0840016884761503,0.0297309714026599,0.892252042263587,0.243048502385834,0.0273308118041755,0.0133100734912033,0.00524000997020269
"184",483,0.0797804981004643,0.0268670608521327,0.847173815047332,0.271793495966119,0.0301515054383828,0.011253804468859,0.00637866376624407
"185",484,0.0825946250175883,0.0255544351831411,0.79439930513562,0.306287488262461,0.0314550077996453,0.011532180239032,0.00475510689643452
"186",485,0.0842831011678627,0.022630859829478,0.740525326267413,0.344614146369507,0.0351945637540868,0.0126167322396259,0.00591300998153247
"187",486,0.0856901646264246,0.0203039325071747,0.69324816113817,0.384857137381906,0.0375451417825929,0.0135253507534704,0.00497377156906065
"188",487,0.085971577318137,0.0186929828225032,0.639374182269964,0.427016461299657,0.0428873645746522,0.0133323435528172,0.00432230946149576
"189",488,0.0930068946109469,0.0173206923503756,0.594295955053709,0.474924783933465,0.0443831869564288,0.0136849528617029,0.00615999909361794
"190",489,0.0941325453777965,0.0153517538468882,0.549217727837455,0.522833106567273,0.049084343013441,0.0138519783238067,0.00631634999943351
"191",490,0.0986351484451949,0.0149341002249363,0.50963684540367,0.574574095011785,0.052503365600359,0.0132692450449113,0.00584843025956516
"192",491,0.10398198958773,0.0131441561308568,0.475553307752356,0.626315083456298,0.0574182105690536,0.016999480365229,0.00663924860927002
"193",492,0.109891656113691,0.012786167312041,0.437071894275065,0.678056071900811,0.0661794559480308,0.011253804468859,0.00462141554218642
"194",493,0.117208386098213,0.012666837705769,0.407386232449727,0.727880727439971,0.0734448789452315,0.0152624155593497,0.0056399623851444
"195",494,0.124243703391023,0.0108172288085535,0.378800039580882,0.779621715884483,0.0781460350022437,0.0137814564620295,0.00642398286937901
"196",495,0.13324890952582,0.0103995751866017,0.350213846712038,0.829446371423644,0.0879757249396329,0.016813896518447,0.00404472995479419
"197",496,0.141409877585479,0.00945687129705316,0.323826591756182,0.879271026962804,0.0986601705237515,0.0142342810481776,0.00498963325515788
"198",497,0.15210355987055,0.00882442438381175,0.299638274713314,0.921430350880555,0.109771993931235,0.0138222849083216,0.00603197262726171
"199",498,0.161390178697059,0.00934947465140839,0.276549426626939,0.948259011555488,0.117678483663483,0.0139225001855838,0.00661658905770255
"200",499,0.168425495989869,0.00822777635245192,0.254560047497059,0.969338673514363,0.133491463127978,0.0129789919085443,0.00571360592773869
"201",500,0.179963416350077,0.00812037970680716,0.235869075236661,0.992334668378591,0.15080026497425,0.0132284165986193,0.00554819120129613
"202",501,0.192626987477135,0.00803684898241678,0.214979165063274,1,0.169818578113982,0.012951154331527,0.00558784541653921
"203",502,0.201632193611932,0.00691515068346032,0.198487130715864,0.994251001283943,0.187554757783619,0.0127115284685621,0.00498283538968764
"204",503,0.212888701280428,0.00771465904548248,0.18089562741196,0.980836670946477,0.209564715686903,0.0139484819241333,0.00405605973057793
"205",504,0.222738145490362,0.00610370936081096,0.165503062021044,0.963589674798306,0.234993696177105,0.0161049662237399,0.00513726023361998
"206",505,0.235964542000844,0.00695094956534191,0.151209965586622,0.932928348312669,0.264910143812638,0.015455422760003,0.00537031372149145
"207",506,0.24609539890249,0.00693901660471471,0.138016338108694,0.898434356016327,0.29482659144817,0.0133731719991092,0.00644664242094649
"208",507,0.256789081187562,0.00595454735297101,0.127021648543753,0.86777302953069,0.335427484667821,0.010481775666246,0.00667323793662123
"209",508,0.269171239622907,0.0059963127151662,0.116026958978813,0.816032041086177,0.369617710537,0.0152327221438646,0.00491485673498521
"210",509,0.274518080765442,0.00609177640018377,0.106461579057315,0.779621715884483,0.412355492873475,0.0133843070299161,0.00478456431347224
"211",510,0.291402842268186,0.00547126244756956,0.0975558805097138,0.73554605906138,0.452956386093126,0.0127245193378368,0.00615999909361794
"212",511,0.296468270719009,0.00511327362875366,0.0893098633360087,0.691470402238277,0.510652392247366,0.0119181946403385,0.00560144114747969
"213",512,0.304910651470381,0.00556672613258713,0.0823832089100964,0.645478412509821,0.555527063700665,0.0123780714126642,0.00608635555102365
"214",513,0.316167159138877,0.00528630155784801,0.0750167669015865,0.61098442021348,0.613223069854905,0.00915299532328706,0.00526607978428107
"215",514,0.327423666807373,0.00502974290436329,0.0701791034930129,0.570741429201081,0.67305596512597,0.0133880187068518,0.00542582962283176
"216",515,0.335866047558745,0.00526840211690722,0.0643519180235946,0.536247436904739,0.720067525696092,0.0131616064137777,0.0041999478830314
"217",516,0.341494301392993,0.00538176524286558,0.060063989093268,0.505586110419102,0.775626642733509,0.014991463143048,0.00554139333582588
"218",517,0.349936682144365,0.00495814514060011,0.0552263256846943,0.47875744974417,0.829048870654102,0.0148467077425581,0.00521486919773858
"219",518,0.358379062895737,0.00470158648711539,0.0511582905456664,0.444263457447828,0.871786652990576,0.0142899562022122,0.00576119098603039
"220",519,0.364007316729984,0.00485074849495534,0.048299671258782,0.423183795488952,0.916661324443875,0.0138519783238067,0.00555498906676637
"221",520,0.369635570564232,0.00497007810122731,0.0443415830154036,0.39635513481402,0.952988439429878,0.0141897409249499,0.00547568063628021
"222",521,0.37526382439848,0.00426603342422272,0.0401636009807263,0.37144280704444,0.972220441481292,0.0123658228787766,0.00565129216092814
"223",522,0.383706205149852,0.00415326694629571,0.0365353534242961,0.352279477990917,0.993589332649529,0.0121483186103482,0.00427472440320406
"224",523,0.386520332066976,0.00471948592805618,0.0358756720503997,0.325450817315984,1,0.0133768836760448,0.00518631816276356
"225",524,0.392148585901224,0.00410135856756741,0.031038008641826,0.310120154073166,0.995726221766353,0.0136960878925098,0.00569094637617122
"226",525,0.397776839735472,0.00468965352648819,0.0308181148505272,0.285207826303585,0.991452443532705,0.0153960359290327,0.00558784541653921
"227",526,0.400590966652596,0.00444502783363066,0.0286191769375392,0.267960830155415,0.980767997948586,0.0133657486452379,0.00536011692328609
"228",527,0.40340509356972,0.00422426806202753,0.0263102921289017,0.248797501101891,0.944440882962583,0.0142676861405983,0.00570227615195495
"229",528,0.409033347403968,0.0043376311879859,0.0240014073202643,0.227717839143016,0.916661324443875,0.0126616435305471,0.00569434530890634
"230",529,0.414661601238216,0.00457629040052982,0.0233417259463679,0.212387175900197,0.8739235421074,0.0143344963254398,0.00507687252869266
"231",530,0.41747572815534,0.0043197317470451,0.0209228942420811,0.196673246076308,0.841870205355044,0.0135587558458912,0.00537144669906983
"232",531,0.414661601238216,0.00461805576272501,0.0203731597638341,0.184408715482054,0.79913242301857,0.0110682206220771,0.00555045715645287
"233",532,0.423103981989588,0.0046598211249202,0.0185040625377942,0.170802751854052,0.749983973331624,0.0129548660084626,0.00720573739845688
"234",533,0.425918108906712,0.00410255186363013,0.0182841687464954,0.156046988482839,0.711519969228797,0.0146388538341623,0.00517929370177764
"235",534,0.423103981989588,0.0043077987864179,0.0170417688256572,0.143399191307514,0.67305596512597,0.0149951748199837,0.00557424968559872
"236",535,0.425918108906712,0.00455242447927543,0.0162941299352413,0.136883659429316,0.63886573925679,0.0138705367084849,0.00555045715645287
"237",536,0.428732235823836,0.00420040214077314,0.0147548733961497,0.125768928578273,0.606812402504434,0.0133843070299161,0.00545302108471273
"238",537,0.428732235823836,0.00415923342660931,0.0143810539509417,0.115229097598835,0.570485287518431,0.0138259965852572,0.00450698480677067
"239",538,0.43154636274096,0.00440922895174907,0.0143480698822469,0.109480098882778,0.540568839882898,0.0136255660307327,0.00496244179327691
"240",539,0.43154636274096,0.00444502783363066,0.0126438929996812,0.101431500680298,0.519199948714661,0.0147056640190038,0.00573739845688454
"241",540,0.434360489658084,0.00374098315662608,0.0133365584422724,0.0958741352547765,0.493557279312776,0.0148021676193304,0.00485820785606653
"242",541,0.434360489658084,0.00488654737683693,0.0110716523918947,0.0878255370522967,0.465777720794068,0.0135624675228268,0.0053528658667845
"243",542,0.434360489658084,0.00414670381795075,0.0120062010049146,0.0815016384646341,0.442271940509007,0.0144384232796377,0.00603763751515357
"244",543,0.437174616575208,0.00419443566045954,0.0118192912823106,0.0782438725255351,0.423039938457593,0.0147093756959394,0.00612374381110998
"245",544,0.437174616575208,0.00455242447927543,0.0108077798423362,0.0709618074851963,0.401671047289356,0.0140115804320392,0.0050576119098603
"246",545,0.437174616575208,0.00426603342422272,0.0111815992875441,0.0678956748366326,0.380302156121119,0.013766609754287,0.00618719055549891
"247",546,0.439988743492331,0.0040494501888391,0.0117643178344859,0.0650211754786042,0.361070154069705,0.0167767797490906,0.0050406172461847
"248",547,0.437174616575208,0.00414252728173123,0.00998317812496564,0.0613801429584348,0.337564373784644,0.015548214683394,0.00516558467307932
"249",548,0.437174616575208,0.00435553062892669,0.00934548613019912,0.0563976774045187,0.316195482616407,0.0139559052780046,0.0048208195959802
"250",549,0.437174616575208,0.00419025912424002,0.0104339603971282,0.0525650115938141,0.299100369681817,0.0152327221438646,0.00601837689632122
"251",550,0.437174616575208,0.00403155074789831,0.00902664013281585,0.0471992794588276,0.279868367630404,0.0193007200653255,0.00565355811608488
"252",551,0.434360489658084,0.00373203343615568,0.0100821303310501,0.0452829465534753,0.262773254695814,0.0157931853611462,0.00561277092326343
"253",552,0.437174616575208,0.00420636862108674,0.0100491462623553,0.0422168139049116,0.245678141761224,0.0181129834459209,0.00583710048378143
"254",553,0.437174616575208,0.00444502783363066,0.00885072509977681,0.0420251806143763,0.230719917943458,0.0181501002152773,0.00547114872596671
"255",554,0.437174616575208,0.00367057868892562,0.0080261233824063,0.0380008815131365,0.21383849392055,0.0161198129314824,0.00523548938966498
"256",555,0.437174616575208,0.00444502783363066,0.00951040647367322,0.0360845486077842,0.203581426159797,0.0187439685249796,0.00558218052864734
"257",556,0.437174616575208,0.00389849823690507,0.0083009906215298,0.0335933158308261,0.188195824518666,0.0212679088412145,0.00539523922821567
"258",557,0.437174616575208,0.00424216750296832,0.00848790034413379,0.0320602495065443,0.177938756757912,0.0221587113057679,0.00558557946138246
"259",558,0.437174616575208,0.00419443566045954,0.00796015524501666,0.0295690167295863,0.164476355321922,0.0218246603815604,0.00574079738961966
"260",559,0.434360489658084,0.00381019432826381,0.00794916055545172,0.0280359504053044,0.154432976472851,0.0238289659268057,0.00412517136285873
"261",560,0.434360489658084,0.0039366837109121,0.00713995140347212,0.026445394093862,0.146526486740603,0.0255363373171999,0.0055277976048854
"262",561,0.434360489658084,0.00423023454234113,0.00815805965718558,0.0257363509188816,0.137551552449943,0.0305099844109569,0.00596965886045115
"263",562,0.43154636274096,0.00390028818099915,0.0079711499345816,0.0238008546844758,0.129431373806013,0.0299161161012545,0.00553686142551239
"264",563,0.43154636274096,0.00364868170617471,0.0076962826954581,0.02186535845007,0.120883817338718,0.0345185955014476,0.00600478116538074
"265",564,0.428732235823836,0.00411209823213188,0.00844392158587402,0.0216545618304812,0.115968972370024,0.0350753470417935,0.00547568063628021
"266",565,0.428732235823836,0.0043376311879859,0.00699042362538894,0.0193932890021655,0.106994038079364,0.0385272065919382,0.00616792993666655
"267",566,0.425918108906712,0.00369444461018001,0.00858685255021824,0.0201023321771458,0.10036968181721,0.043389503377626,0.0061271427438451
"268",567,0.425918108906712,0.00417355297936195,0.00731146856068519,0.0203131287967346,0.0967369703186102,0.0495508870907876,0.00630162129091465
"269",568,0.425918108906712,0.00334838875199131,0.00848790034413379,0.0176302627292413,0.0911810586148685,0.0542647167990498,0.00633107870795237
"270",569,0.420289855072464,0.00382809376920461,0.00737743669807483,0.0170361995285821,0.0860525247344915,0.0553782198797417,0.00671855703975618
"271",570,0.423103981989588,0.00423620102265473,0.00687278044704408,0.0160205430887454,0.0822061243242088,0.0594610645089451,0.00562410069904717
"272",571,0.41747572815534,0.00401245801089479,0.00673314788956934,0.0167487495927793,0.0785734128256085,0.067997921460916,0.00730770538051052
"273",572,0.41747572815534,0.00419443566045954,0.00736644200850989,0.0170361995285821,0.0713079898284078,0.075792443025759,0.00679786547024234
"274",573,0.41747572815534,0.00389551499674827,0.00777324552241268,0.0139317402219114,0.0683163450648546,0.083586964590602,0.0063899935420278
"275",574,0.414661601238216,0.00382630382511053,0.00716963706529746,0.0142575168158212,0.0648973224779366,0.091381486155445,0.00594133442099181
"276",575,0.411847474321092,0.00446889375488506,0.00695084274295515,0.0146982733840523,0.0610509220676539,0.103258852349492,0.00782887506656243
"277",576,0.411847474321092,0.00401902113923975,0.00674744098600376,0.0122262039361478,0.0591277218625126,0.115507386237102,0.00713775874375446
"278",577,0.411847474321092,0.00422426806202753,0.0066858707244401,0.0123986738976295,0.0537854990704532,0.132581100141044,0.00744366268991537
"279",578,0.406219220486844,0.00363078226523392,0.00686618363330511,0.0136826169442156,0.0505801653952176,0.146685472496474,0.00713775874375446
"280",579,0.40340509356972,0.00356037779753346,0.00650445834661858,0.0142191901577142,0.0492980319251234,0.165615024868235,0.00868993802612646
"281",580,0.400590966652596,0.00361807366216595,0.00676393302035117,0.0116513040645421,0.0465200760732526,0.186771583401381,0.00743233291413163
"282",581,0.400590966652596,0.00381735410464013,0.0070717843281695,0.0138934135638043,0.0445968758681112,0.210526315789474,0.00820275766742576
"283",582,0.397776839735472,0.00364432617554578,0.00683979637834926,0.0105973209665983,0.0426736756629698,0.235765718951822,0.0104687128241732
"284",583,0.394962712818348,0.00417474627542466,0.00727848449199037,0.0110572408638829,0.0407504754578285,0.267686140598322,0.0103780746179033
"285",584,0.3893344589841,0.00370637757080721,0.00609347685068112,0.0105589943084913,0.0392546530760519,0.30220473609977,0.00922243748796211
"286",585,0.386520332066976,0.00406794627781126,0.00602366057194375,0.0104248510051166,0.0379725196059576,0.338208002375473,0.0112164780258999
"287",586,0.386520332066976,0.00374873958103375,0.00649236418809715,0.0124944905428971,0.0375451417825929,0.380521119441764,0.0105706808062268
"288",587,0.383706205149852,0.00388954851643467,0.00671995426209141,0.00998409443688558,0.0294890698121674,0.428401751911514,0.0130405719270816
"289",588,0.380892078232728,0.00366819209680018,0.00723450573373061,0.0107506275990265,0.0316900656024959,0.484076905946107,0.0133804652005937
"290",589,0.378077951315604,0.00404706359671366,0.00674194364122129,0.0114405074449533,0.0324379767933842,0.543463736916339,0.014230198384374
"291",590,0.369635570564232,0.00413298091322948,0.00614965971435797,0.00971580783013625,0.0281214607774003,0.606562244822211,0.0160769518371231
"292",591,0.366821443647108,0.00341640662756633,0.00642529658175102,0.0101374010693138,0.0285702074919332,0.680795783535001,0.0182749283391682
"293",592,0.366821443647108,0.00379229488732302,0.00703220344573571,0.00958166452676159,0.0263264739192683,0.747605968376512,0.0182749283391682
"294",593,0.364007316729984,0.00334719545592859,0.00706628698338703,0.0102140543855279,0.028100091886232,0.825551184024943,0.0205408834959156
"295",594,0.361193189812861,0.00359690459001331,0.00666058293844073,0.00948584788149398,0.0267111139602966,0.892361368866454,0.0216738610742893
"296",595,0.358379062895737,0.0038430099699886,0.00663419568348488,0.00805626353410115,0.0237408380879116,0.948036522901047,0.0258658781142721
"297",596,0.352750809061489,0.00391759097390858,0.00526975470847581,0.00830155414598624,0.0244246426052952,0.981441615321802,0.0265456646612964
"298",597,0.349936682144365,0.00392952393453578,0.00672545160687388,0.00861966540827473,0.0245955937346411,1,0.0306243839434418
"299",598,0.347122555227241,0.00377260550228815,0.00660451002165954,0.00887453768468659,0.0238263136525846,0.981441615321802,0.0332302323737013
"300",599,0.344308428310117,0.0038000513117307,0.00702560663199675,0.00814824751355806,0.0229929268970233,0.929478138222849,0.0364025695931477
"301",600,0.341494301392993,0.00354498427832437,0.00658911745626862,0.00856025908820881,0.0222663845973032,0.84410956870314,0.0396882045704315
"302",601,0.338680174475869,0.00391997756603402,0.00638351676140424,0.00831688480922906,0.0224587046178174,0.747605968376512,0.0439935193682517
"303",602,0.333051920641621,0.00343311277244441,0.00692665442591229,0.00713067474081598,0.0197448554394512,0.639967337242967,0.0509046825963314
"304",603,0.327423666807373,0.00428989934547711,0.0071443492792981,0.00804284920376368,0.020535504412676,0.543463736916339,0.0546435086049647
"305",604,0.324609539890249,0.00382451388101645,0.00572603432542082,0.00778031159573041,0.0207278244331902,0.450671813525351,0.0600818009811586
"306",605,0.324609539890249,0.0035327529936815,0.00642969445757699,0.00838587279382174,0.0198303310041242,0.372355430183357,0.0677860485140999
"307",606,0.318981286056001,0.00419324236439682,0.00587995997932998,0.00705402142460188,0.0192320020514136,0.307029916116101,0.073904127437318
"308",607,0.313353032221753,0.00328753065279261,0.00589425307576441,0.00922331027346071,0.0195097976366006,0.253581768242892,0.0838743301270068
"309",608,0.307724778387505,0.00359737295871792,0.00594153024089365,0.00792403656363183,0.0186336730987029,0.211268651176602,0.0949775103950693
"310",609,0.307724778387505,0.00376186583772367,0.00540828779699405,0.00810608818964031,0.0184413530781888,0.175265384900898,0.104494522053409
"311",610,0.302096524553257,0.00338060774568474,0.00684859213000121,0.00804859820247974,0.0173088018462722,0.14445846633509,0.116390786626333
"312",611,0.299282397636133,0.00377439544638222,0.00643629127131596,0.00894927466799533,0.0178643930166464,0.121074901640561,0.12987321980898
"313",612,0.296468270719009,0.00383943008180045,0.00673424735852583,0.00904317498035759,0.0173942774109451,0.0988048400267241,0.142335973171091
"314",613,0.288025889967638,0.00412641778488452,0.00667597550383165,0.00727075867619723,0.0173301707374404,0.0861851384455497,0.161596592003444
"315",614,0.286618826509075,0.00414849376204483,0.00642969445757699,0.00761550696587011,0.0166891040023933,0.0713384307029916,0.17859125567905
"316",615,0.28127198536654,0.00362117623192902,0.00612250283113256,0.00696395377805032,0.0166036284377204,0.0613169029767649,0.197851874511403
"317",616,0.277050794990854,0.0040434837085255,0.006077457587985,0.00984995113351092,0.0162403572878603,0.0516665429441021,0.219378448500504
"318",617,0.273673842690305,0.00327201780397726,0.00648027002957572,0.00701761109940019,0.0145586255529201,0.0476208150842551,0.244303955224726
"319",618,0.267482763472633,0.00397367588885641,0.00634943322375293,0.00853917942624993,0.0166463662200568,0.0423873506050033,0.272628394684069
"320",619,0.265512874630646,0.00449275967613945,0.0070893758314734,0.00969664450108273,0.0183558775135158,0.0361888501224853,0.304351766878533
"321",620,0.257351906570986,0.00401782784317703,0.00598133101711873,0.00895693999961674,0.0153214949676261,0.0335906762675377,0.338341094229745
"322",621,0.25425636696215,0.00388119544399563,0.00738843138763977,0.00808692486058678,0.0157275038998226,0.0286170291737807,0.374596376737704
"323",622,0.251723652736738,0.00372547030781072,0.00608123976119534,0.00903359331583083,0.0144646024317798,0.0272065919382377,0.413117614402411
"324",623,0.24834670043619,0.0033931373543433,0.00592393873758975,0.00651936454400859,0.0158984550291685,0.02460841808329,0.457303739958986
"325",624,0.240467145068243,0.003724277011748,0.00685299000582719,0.00805243086829044,0.014498792657649,0.0210823249944325,0.503755820672309
"326",625,0.236808780075981,0.00313299881267042,0.00595692280628457,0.00848935477071077,0.0143192939718358,0.0228639299235395,0.557005766855874
"327",626,0.232306177008583,0.00401126471483207,0.00646597693314129,0.00901251365387195,0.0143086095262517,0.018595501447554,0.610255713039439
"328",627,0.230054875474884,0.00371950382749712,0.00559629698855453,0.00790870590038902,0.0137893454708635,0.0194491871427511,0.668037569536499
"329",628,0.22611509779091,0.00344623902913432,0.00610579090299385,0.00792020389782113,0.014838558027224,0.0179273995991389,0.731484313925427
"330",629,0.222175320106937,0.00335554852836763,0.00691565973634734,0.00767299695303068,0.0145222984379341,0.0175933486749313,0.800595946206225
"331",630,0.216547066272689,0.00410374515969285,0.00612162325596737,0.00877488837360826,0.0158770861380003,0.0175562319055749,0.861776735438406
"332",631,0.21317011397214,0.00349218092754903,0.00614943982056667,0.00872314738516375,0.014802230912238,0.0160492910697053,0.920691569513839
"333",632,0.207823272829605,0.00347129824645144,0.00619440810088727,0.00842228311902344,0.0147765882428361,0.0164427288248831,0.967143650227162
"334",633,0.20726044744618,0.00384658985817676,0.00650775675348807,0.00965831784297568,0.0144902451011817,0.014991463143048,0.996601067264879
"335",634,0.201350780920219,0.00396949935263689,0.00608188844787968,0.00685855546825595,0.0143086095262517,0.0163870536708485,1
"336",635,0.19909947938652,0.00335375858427355,0.00602585950985674,0.00871548205354234,0.014304335748018,0.013766609754287,0.975074493275778
"337",636,0.196003939777684,0.00371890717946576,0.00659901267687707,0.00752908035183872,0.0143427997521209,0.016999480365229,0.92409050224896
"338",637,0.192345574785423,0.00404587030065094,0.00679801655800248,0.00812141885288313,0.0120285488386008,0.0150397149432113,0.840250161449305
"339",638,0.188687209793162,0.00341223009134681,0.00642969445757699,0.00835904413314681,0.0129001859093532,0.0136960878925098,0.745080044865912
"340",639,0.183621781342339,0.00335853176852443,0.00551273734786098,0.00613609796293812,0.0150009616001026,0.014260262786727,0.644245040390651
"341",640,0.182214717883777,0.00402140773136519,0.00661990258705046,0.00732872774658414,0.0139752548240272,0.0135513324920199,0.550207901385632
"342",641,0.179963416350077,0.0038459932101454,0.00619440810088727,0.00781097292221605,0.0150223304912708,0.0146759706035187,0.468633515742723
"343",642,0.174897987899254,0.00399575186601672,0.00630325552758018,0.00787421190809267,0.0127008141547535,0.0136441244154109,0.389325085256563
"344",643,0.170958210215281,0.00422426806202753,0.00625817730036393,0.0094283578943334,0.0137337863538261,0.0152141637591864,0.328144296024382
"345",644,0.168706908681582,0.00359621844477724,0.00557980495420712,0.00664775884866719,0.0152360194029532,0.0143344963254398,0.27602732741919
"346",645,0.164485718305896,0.0035327529936815,0.00548415115499214,0.00815591284517947,0.0147103446802145,0.015681835053077,0.230708224284241
"347",646,0.162515829463909,0.00379766471960526,0.00638571569931723,0.00866949006381389,0.0136760903476719,0.0135995842921832,0.193319964197909
"348",647,0.160827353313634,0.00380661444007566,0.00604279133178675,0.00784355058160704,0.0133085454195782,0.014126642417044,0.161596592003444
"349",648,0.157450401013086,0.00374277310072015,0.00610579090299385,0.00834562980280935,0.0145500779964528,0.0127201024422834,0.134405130122475
"350",649,0.154636274095962,0.00323383232997023,0.00611997405253263,0.00744591150374643,0.0125495224052824,0.0142936678791478,0.114124831469585
"351",650,0.150415083720276,0.00381258092038925,0.0066858707244401,0.0075099170227852,0.0129279654678719,0.0128227303095539,0.0948642126372319
"352",651,0.147882369494864,0.00328574070869853,0.00635822897540488,0.0076480846252611,0.0131418680684659,0.0139225001855838,0.0790025265399998
"353",652,0.146756718728015,0.00322010942524895,0.00616340307631414,0.00832838280666117,0.0141654379554245,0.0129704550515923,0.0675594529984252
"354",653,0.142816941044041,0.0037940848314171,0.00630545446549317,0.00792403656363183,0.0135692458918307,0.0137480513696088,0.0578158458244111
"355",654,0.139721401435205,0.00322249601737439,0.00620650225940871,0.00710192974723569,0.0156633972263179,0.0134919456610497,0.0488653229552587
"356",655,0.138595750668355,0.00327917758035357,0.00561828636768441,0.00853917942624993,0.0150223304912708,0.0168881300571598,0.0430871373055527
"357",656,0.132967496834107,0.0035576332165892,0.00609402658515937,0.00786846290937662,0.0129901489411714,0.0128709821097172,0.037082356140172
"358",657,0.131841846067258,0.00388358203612107,0.00657812276670368,0.00793170189525324,0.0127652413616257,0.0128067700987306,0.0319839570374902
"359",658,0.128746306458421,0.00345876863779288,0.00614163359097556,0.00793553456106395,0.0150223304912708,0.014445846633509,0.029491406365068
"360",659,0.127620655691572,0.00372368036371664,0.00613679592756699,0.00820382116781327,0.012783939141398,0.0127893252171331,0.024619602778061
"361",660,0.124525116082735,0.00374694963693967,0.00670895957252647,0.00832455014085047,0.0141675748445413,0.0144309999257665,0.0230334341683378
"362",661,0.121148163782187,0.00421830158171393,0.00635273163062241,0.00809267385930284,0.0135799303374148,0.0150768317125677,0.0207674790115904
"363",662,0.118896862248487,0.0033931373543433,0.00611183798225457,0.00705210509169653,0.0128089407440648,0.0157597802687254,0.0192946081597045
"364",663,0.116082735331363,0.00414491387385667,0.00683759744043627,0.00771515627694843,0.0141996281812937,0.0143679014178606,0.0169153552451197
"365",664,0.113550021105952,0.00382690047314189,0.00601519466097875,0.00822490082977215,0.0138705472573028,0.0142751094944696,0.014830676500912
"366",665,0.109891656113691,0.00383823678573773,0.00655503391861731,0.00828430714983807,0.0137273756864756,0.0134622522455645,0.0133124865458913
"367",666,0.109047418038554,0.00368430159364689,0.00676173408243818,0.00661326485637085,0.0134239374318867,0.0144309999257665,0.0124400938105435
"368",667,0.109328830730266,0.00400410493845576,0.00649676206392313,0.00700419676906272,0.0134153898754194,0.0134585405686289,0.0117489774877355
"369",668,0.105951878429717,0.00362851500271475,0.00539179576264664,0.0062817392637449,0.0143214308609526,0.0149543463736916,0.0118509454697892
"370",669,0.10398198958773,0.00358263276910318,0.00641430189218607,0.00828047448402737,0.0140927837254525,0.0127611164724222,0.0107179678914154
"371",670,0.102012100745744,0.00347726472676503,0.00554462194759931,0.00707126842075005,0.0135884778938821,0.0137072229233168,0.0103327555147684
"372",671,0.0994793865203321,0.00424813398328192,0.00653304453948743,0.00670524883582776,0.0138961899267047,0.0115396035929033,0.00906382062698979
"373",672,0.0963838469114957,0.0033871708740297,0.0055644123888162,0.00743173064024682,0.0143321153065367,0.0144718283720585,0.00912046950590848
"374",673,0.0958210215280709,0.00349695411179991,0.00556881026464218,0.00765766628978786,0.0119110199371755,0.0125432410363002,0.00846334251045172
"375",674,0.0930068946109469,0.00361962494704749,0.00623838685914703,0.00596937700017247,0.0142979250806676,0.0134102887684656,0.0085199913893704
"376",675,0.0904741803855354,0.00374575634087695,0.00629555924488472,0.00847977310618401,0.0117763959228156,0.0141489124786579,0.00868993802612646
"377",676,0.0899113550021106,0.00317297423077153,0.0055842028300331,0.00682597780886496,0.0136782272367887,0.0137406280157375,0.00799882170331849
"378",677,0.0865344027015618,0.00386329600305484,0.0066660802832232,0.00798152655079241,0.0126659828621493,0.0149432113428847,0.00795350260018354
"379",678,0.0851273392429999,0.00307751054575395,0.00594592811671963,0.00700802943487343,0.0149368549265979,0.0126664687105634,0.00793084304861607
"380",679,0.0840016884761503,0.00384778315423948,0.00566556353281365,0.0074125673111933,0.0127014552214886,0.0145237918491575,0.00875791668082889
"381",680,0.0814689742507387,0.0032445719945347,0.00613019911382802,0.00786079757775521,0.0121567621856102,0.0128475985450226,0.00607502577523991
"382",681,0.0806247361756015,0.00346115522991832,0.00590964564115532,0.0064101335684035,0.0123704510972926,0.0122745156261599,0.0063038872460714
"383",682,0.0775291965667652,0.00384002672983181,0.00633733906523149,0.00705593775750724,0.0146697437869949,0.0144124415410883,0.00660525928191881
"384",683,0.076684958491628,0.00387343901958795,0.00595472386837158,0.00863882873732825,0.0138021668055645,0.0149023828965927,0.00700180143434961
"385",684,0.0769663711833404,0.00405482002112134,0.0065572328565303,0.00861583274246402,0.0129922858302883,0.0141637591864004,0.00529542390356095
"386",685,0.0747150696496412,0.003866875891243,0.00563587787098831,0.00881321503171531,0.0121524884073765,0.0138371316160641,0.00626649898598507
"387",686,0.0713381173490925,0.00380422784795022,0.00589205413785142,0.0094283578943334,0.0125995256106161,0.0145015217875436,0.00581897284252745
"388",687,0.0716195300408048,0.00395159991169609,0.00743241014589953,0.0068604718011613,0.0121204350706242,0.0135958726152476,0.00611354701290461
"389",688,0.0702124665822429,0.00414909041007619,0.00576451573889811,0.00778414426154112,0.0132593969698912,0.0141489124786579,0.00655994017878386
"390",689,0.0668355142816941,0.00379348818338574,0.00551273734786098,0.00796619588754959,0.0116289505737547,0.0129886422685769,0.00571813783805218
"391",690,0.0659912762065569,0.00330125355751389,0.00521917913647708,0.00847019144165725,0.0134111160971857,0.013673817830896,0.00677520591867487
"392",691,0.0654284508231321,0.00342714629213081,0.00598144096401438,0.00678765115075791,0.0145949526679061,0.0133174968450746,0.00549834018784768
"393",692,0.0648656254397073,0.00402618091561607,0.00587446263454751,0.00816741084261158,0.0130051071649892,0.0149357879890134,0.00748898179305032
"394",693,0.063177149289433,0.00416639320298563,0.00551823469264345,0.00634306191671617,0.0134068423189521,0.0138222849083216,0.0059889194792835
"395",694,0.0606444350640214,0.00363591343830361,0.00549404637560059,0.00709618074851963,0.0120242750603671,0.0139039418009056,0.00605123324609406
"396",695,0.060363022372309,0.00378095857472718,0.00734445262938001,0.0073519153747389,0.0131247729555313,0.012170588671962,0.00748898179305032
"397",696,0.0583931335303222,0.0029892066371127,0.00673314788956934,0.00852193243010176,0.0120392332841849,0.0149729047583698,0.00610788212501275
"398",697,0.0572674827634726,0.00384122002589453,0.006244983672886,0.00833796447118794,0.0146547855631771,0.012536560017816,0.0064806317482977
"399",698,0.0567046573800478,0.00357469735028609,0.00521038338482513,0.00696203744514497,0.011819133705152,0.0133583252913666,0.00541449984704803
"400",699,0.0552975939214859,0.00357141578611361,0.00597220542477983,0.00870590038901558,0.0138085774729149,0.011253804468859,0.00576119098603039
"401",700,0.0550161812297735,0.00301963568671205,0.00535551328708234,0.00749841902535309,0.0118084492595679,0.0147056640190038,0.00677520591867487
